의원명,channel_id
강민정,UCb-UwaCS0sqc0q6QiOfqsuQ
권은희,UCXKTZZ-uiXhbbi-R5nr8BGg
권인숙,UCz1vEZu1GHtZpZF4ltDtDrg
김경만,UCe8nULGCZrf0u8OfX6FQt3w
김병주,UCCwY9FkjAaWaXk6UrpQyD1g
김예지,UC_iOAb2spT3YXMu89av0gaQ
김의겸,UCLwDpdPbcsq0R2398JO_oWQ
김홍걸,UC9S4Uk1U_ZuZ2Ah4HFsiwxw
류호정,UCtVspbBtwi02o8fsnjUFpnw
배진교,UCxnOwr2kAhAQEESAj6OwsPA
신현영,UCRZ411yPRXPdejXmJOlQfUQ
양경숙,UCCDtA3wo0jnnxI2cwXYLNIA
양이원영,UCCjtWjrTVwxUHK3G27c-_aQ
용혜인,UCnkuuG3n7_S53gSzGpulyJA
유정주,UCaUt10sRQXcd74x812sdauA
윤미향,UC7a01Uo1OTKoJWikotOMPPQ
윤주경,UCYYwHk8EmDVWvmvZ-_kWgRQ
이동주,UCZnlLumTIJbpzISsMMz-A-Q
이수진,UC9jenXiV9fP7wy122SbkmQA
이영,UC-BDJxFenVaBqN9b0ETE1nw
이은주,UCxJ2wdQZIXDFCx0Qr0T2Mdw
이종성,UCn9QJUbMrNjZ1JXe-TAqZYg
전용기,UC-G7Sx53_Nlshlsk2KrS18g
정경희,UCslrg1otVlzw-hMBhLSAJ2w
정운천,UCFfUJ8M39Cw_gihPhLAAkkA
조명희,UCn4_JJIhCOX0G8n1aW4gtQA
조수진,UCOSl0SuO3e-1PZLc8npWLcg
조정훈,UCf8h3rgyIyV2_wmF5TiR85g
조태용,UCZm-LkSY38lQtktMVSMAVFw
지성호,UCIB24EZS4Byymqg1plwi9aQ
최혜영,UC0GYAU9BLS7Hxu6vk9eUYWQ
한무경,UCtlwF4bGq1m06E9GpT7xghQ
허은아,UCn4XKoRA442qzPOu28gIPIw
강득구,UCWPYeOndgzUJ2atd1NwpBTw
강병원,UCRqhzBrMh6LIn9-LIbFLMEw
강선우,UCTDli6TqWf2P-mWuJpFby3w
강준현,UCTFmyUomCuiS4FLIkdsX98w
강훈식,UCMKz8kR5MUN-uHB2_Jy_swg
고민정,UC2Lx2_u4JixQ2WFnWQfIbEQ
고영인,UCaaIRghu-ZjqIdKe0-ZbShA
고용진,UC8ChqeOfNmQN63h8NqEnozg
구자근,UCspm0OPmD02LBw_YsjfsQYg
권영세,UCBBBK9uhYoXXjckiZFk1dXw
권칠승,UCXe7Q0Lhhx3-AaRSP7Pm27w
김경협,UCWjEO8d6iwBx2uxdE7x_uag
김교흥,UCjtmX6KDX7bGP6U1MW2KeCQ
김기현,UCHBN4fWr8xsqjg7MVKx8mDg
김남국,UC5ylgZz6hi0eCIzAq7y5H9g
김도읍,UCX8at-h1IrlQMaBl9b2EMrQ
김두관,UCCJzmCpP3tR0iowZK3I0JEQ
김미애,UCkI25oVwVFJq5Ji1XXA7mHA
김민석,UC0xm3nsJXdMEA6ILZRHCXvQ
김병욱,UCkKmE-matF_3iwaw-Q7BjZA
김병욱,UCkKmE-matF_3iwaw-Q7BjZA
김상희,UCXrYmWVl5BB17D69nLmSxCQ
김선교,UCqBkRxe9_Nq9IW42wx14P5A
김성원,UCz93BK8xaq5Qk2coJWMVrcg
김성환,UCVwCEfX77O5aXZSt5wYQO1w
김영배,UCIDxLOL0JV0GwX7qPmadyCQ
김영식,UCUOw5PsrSBdvQNW6qKokCDw
김영주,UCQTj2pHvchQoLQXjHKuw8mg
김영호,UCqla28ulqig6sTFAA-zNaog
김용민,UCm6jDQGxHHBSHeHjin1bBaQ
김웅,UClCz4R8ApAB277gQqx1HCuQ
김원이,UCK4UEOo5-9la9o8xUrjUzLg
김윤덕,UC4OAafeQilP01diUwREYnqA
김은혜,UCv9glZjoe-drfw8wgersk0Q
김정호,UCXEu8xyS1u7POLvhhxq0fTA
김종민,UCqJAAEXFXZqlwfe-_pgQm7A
김철민,UCTefTLWNAxLPrbQwLm0JzvQ
김태호,UCW_Pjyl3LXekZH4yblocfoA
김태흠,UCfb2KaQPmNYtbXRYePJc6pw
김한정,UC65jRRziJMGr9lJbMvQiKxQ
김형동,UCNK57OR-wJhLAsZGrQTS4Bg
김회재,UCuVeZXJgVqljrUywhUAQ6Gg
노웅래,UCioFshQ7Al1OVcuhWcn8akw
도종환,UCrvgPazScEgbcmHG6vNNRfA
류성걸,UCvUzEYjZSyTrlVf-NIRoK3w
맹성규,UCtkD6GdkZG_b9fv2HN5rW_A
문정복,UCHqPIz08wKeJQMcWSKmX7zw
문진석,UCL3zKoc_h1ErJCPhhs6K6UQ
민형배,UC1M1iWQhaGvAoVuKDEPrJTQ
박상혁,UC0QLdjTkTrzykt08QSbfL6A
박성준,UCZY4656UKhoMA4IOTnKw4cw
박재호,UCJAyg38CK6X8ZUb4n1BA4dg
박정,UCuj6MaCWb7nzGAxkHVIy7qg
박주민,UCoFvuvMlEPICy1ClmlgzA4g
박진,UCiYvx52uqRBMxn5NBAh-BYQ
박찬대,UCM2tZCsO6uDgbUxtG2WBkww
배준영,UCxKQm25dzAAA_XYWQ4S_uZw
배현진,UCu7dnZQH1-mX_AtpYBHywuQ
백종헌,UCU8RCbMQPk9AiipVWZeWLwA
백혜련,UC7zVTMDWZYZWETYSM5TTa-Q
변재일,UC9nFCoLESamzxfvCyQL4wCQ
서동용,UCXem3fSASO5gq-DyAmj4UkA
서범수,UCwxylloYva_yvN8kTx-scww
서삼석,UCdM16GO1jwGXmxbS1j2vOhw
서영석,UCkc1DRJ4pJUz-uQVSSZU5iw
서일준,UCKDELFTwfOGxsskPYyFyaag
성일종,UCl_gTOca5HlspP4n3G7dhqA
소병철,UCMEw9KjrmjmlqLYeWyINcjg
소병훈,UC9BK2KCPSPFUqCKrCX7EYHg
송석준,UC5stcMGrLFFzDwdDeTxeHuQ
송영길,UC6Swqra8BqePCs1ymFCdDMQ
송옥주,UCMfrmxtNozvkNPetMwyrjCQ
송재호,UC-I8c113p-KfHnfY7zrj6PA
신동근,UCADTxM5W7ekJb3Ejw8yob1w
신영대,UCLFn1-WikFrCbHISlGo3Yrg
신정훈,UC02YdpOk-hj5iUSGtIWm5rA
심상정,UCQYp37Nj_mtWIt4v4dQxPdw
안민석,UC1Uqb27Pk77r3Duub0v--Tg
안병길,UCSyFuBnNHosrbOXr2fIrC1w
안호영,UCrIWiDrst31FGTGe5fy8-RA
양금희,UCHS8fjt6sVMPRbGqtLbkIHg
양향자,UCPQ6uhkg26UZhw_XLzgpjHw
어기구,UChs_XqFh2-Wuwu4fkfti0og
오기형,UCtvE0aNvn4Kzqmy-rXpFeew
오영환,UC4e4789Qpl9kckX2v5luEZw
오영훈,UCjz43jzGAOacM52t9ua1oNw
우상호,UCETI8JGhhtVg0lLI0dRWI1Q
위성곤,UCAFjsCaWERftqIbP_OjZU7Q
유기홍,UCOiHNsi9Ej-nf751vaRDwVg
유상범,UCwnc5RrlZIt2E6PfOdgen5g
유의동,UCoU24r3kygRJIpAcvLk88BA
윤관석,UCItdMqnreJbJHFgkWFZBQQg
윤두현,UCuL7kw71VKyLeMzTotP-jWA
윤영덕,UCeUkYl5Z_aY_CVVogx37NHQ
윤준병,UCsSKyhkxLxd2H7lVy0PR35A
윤한홍,UCwAQlslOvR_fCKJ8qYdee6w
윤호중,UC2bZ8G-F8-2lEKENLkaLIMw
윤후덕,UCuWPJoAG0svJVZ7sbk5qOPQ
이광재,UCGQQZrLdCplaD3nktXBdmSw
이만희,UCWmrx4i60a40Id2PbsuoOPA
이명수,UCFaiTPJLgpivk2KHHny1HqQ
이병훈,UC61QhTLA3aJXlf1NBY9ZLCQ
이상직,UCaFsLHSIQ9jEJzQax47dbow
이상헌,UC26N9rlARsZgQPNiAnsk8Bg
이소영,UCWw2YRY-nQFi6MrFVI30jkA
이수진,UC9jenXiV9fP7wy122SbkmQA
이용빈,UCmdk534KAIBFx813Fpwtg2g
이용선,UC4hABUy5DQWJNQvx1B9KGjg
이용우,UCkCy4zsH5flBg3Zl3KuCNxw
이용호,UCAAxlZY-yfgCkRfmPpXqHEg
이장섭,UCS81QOo3pfXZau93AHYNzXQ
이주환,UC4d2ytHcO6TIoEGI99Bp-DA
이채익,UCXtSYOjcRVeAI5OybTaLT0g
이탄희,UCz3Cg0Wu8_3rhFYeG5lXiYg
이학영,UClztZIVGP1NmO7E8ZvKDwKg
이해식,UCLas1k2D1KNjWKXfETd2WjA
인재근,UCRSeNVi-nLOpk5aaLiLLT3w
임오경,UC4zn1ypqQL0TH0xbsH9ycKQ
임이자,UCW4Jn2p7HcTFo_yZjNMW3gg
임종성,UCDc7mJ9CSldcIccnlsKHlew
장제원,UCWlCzKCE_TMyYoTIQ3BOwzg
장철민,UCw6T7K4TjXcN7qIQ72-mc-Q
전봉민,UCbQOUxnzLGEbP7rwqfo_pvw
전재수,UCcDu9m1KSSWesVAcwF0tDiw
전해철,UCPFd6di9x3LnyuTLWHlcR4w
전혜숙,UCjrdhTF3ANzbxsgnGc1E7Eg
정동만,UCeZMgxF8D7XLhQxPduu2riA
정일영,UC9J1VAzaDZ5mS9Frfyk0lHg
정점식,UCuxPd2fIVdhhPuMacrGXMcA
정찬민,UCYodvrnmctHim1afAU6R7QA
정춘숙,UCQWdcDIhn1QV6leDvMVZ07A
정태호,UCGrIqmBh85ToDm8qthbDKlA
조승래,UCrhAtvNaWRA0Wg9c9U2dFew
조오섭,UCyUdetOUIlRwXIUEPOAWUHg
조응천,UCzDLR2GTRqNsIFSnLacmdKg
조해진,UCq7UY3Hgy4DikDli1WpqeUQ
주철현,UCBlGdH9ibCYmhS1Rbz0ObJg
주호영,UCb3t8uSZ039h2Dd-YxI5iqA
진선미,UCJjg88xb_nV020aichTln3A
진성준,UCzWEju7x5X_6-rR4eFJnZqw
천준호,UCQ8jaYT5yXKxavGPcKsftgw
최기상,UCngQZDiq2eJv3vma4i_Pa1w
최인호,UCH2WkArkCgAkarKpeh9vh5A
최종윤,UCJkKHjojkbCU_fDPqGIMgAg
추경호,UC3wN1W4remC59jaUQMTBbrA
태영호,UChDBxqQcQ6l9e6pFwmT9U9A
하영제,UC5JXCwk3GaDeS0uF3oUIu1w
한병도,UCEaMpE81_C2tG4HRvY9b27A
한준호,UC6yHD0Zc6bOt2BDzH2GkR2g
허영,UCLuIeT3nUt-Dza7UGEwKK_A
허종식,UC-XStZg-s811-oxy8EbSOOA
홍문표,UCyhGdNrgA5g_lXi4GEp_LVg
홍석준,UCrAoYBI1Eqx6mwgPgoDVbTw
홍성국,UCb7zSLFF3nyUZvfMuD9PDGA
홍영표,UCk9QesyR4w28nhnoyaDmQ8Q
홍정민,UCS8bSzRLbsU1D4Q0BuRxZ-g
홍준표,UCfmicRK2-WdZMVQDrfcitLA
황보승희,UCvdf5LV3R-Pc0zaM043No8g
황희,UCyAaEPNKA40nIgQJkRal0XA
